-- phpMyAdmin SQL Dump
-- version 4.6.6deb5
-- https://www.phpmyadmin.net/
--
-- Host: localhost:3306
-- Generation Time: Apr 05, 2019 at 03:38 PM
-- Server version: 5.7.25-0ubuntu0.18.04.2
-- PHP Version: 7.1.27-1+ubuntu18.04.1+deb.sury.org+1

SET SQL_MODE = "NO_AUTO_VALUE_ON_ZERO";
SET time_zone = "+00:00";


/*!40101 SET @OLD_CHARACTER_SET_CLIENT=@@CHARACTER_SET_CLIENT */;
/*!40101 SET @OLD_CHARACTER_SET_RESULTS=@@CHARACTER_SET_RESULTS */;
/*!40101 SET @OLD_COLLATION_CONNECTION=@@COLLATION_CONNECTION */;
/*!40101 SET NAMES utf8mb4 */;

--
-- Database: `news_db`
--

-- --------------------------------------------------------

--
-- Table structure for table `back_up`
--

CREATE TABLE `back_up` (
  `id` int(11) NOT NULL,
  `path` varchar(100) COLLATE utf8_unicode_ci NOT NULL,
  `create_at` datetime NOT NULL
) ENGINE=InnoDB DEFAULT CHARSET=utf8 COLLATE=utf8_unicode_ci;

--
-- Dumping data for table `back_up`
--

INSERT INTO `back_up` (`id`, `path`, `create_at`) VALUES
(1, 'tuanpv2019-04-02_11:58:30.sql', '2019-04-02 11:58:30'),
(2, 'hana_2019-04-02_17:00:46.sql', '2019-04-02 17:00:46');

-- --------------------------------------------------------

--
-- Table structure for table `category`
--

CREATE TABLE `category` (
  `id` int(11) NOT NULL,
  `name` varchar(100) COLLATE utf8_unicode_ci NOT NULL,
  `id_parent` int(11) DEFAULT NULL
) ENGINE=InnoDB DEFAULT CHARSET=utf8 COLLATE=utf8_unicode_ci;

--
-- Dumping data for table `category`
--

INSERT INTO `category` (`id`, `name`, `id_parent`) VALUES
(33, 'Game', NULL),
(34, 'Game Mobile', 33),
(35, 'Game Console', 33),
(36, 'Công nghệ ', NULL),
(39, 'Bóng đá', NULL),
(40, 'Người OWS', NULL);

-- --------------------------------------------------------

--
-- Table structure for table `comment`
--

CREATE TABLE `comment` (
  `id` int(11) NOT NULL,
  `date` date NOT NULL,
  `content` varchar(1000) COLLATE utf8_unicode_ci NOT NULL,
  `status` int(11) NOT NULL,
  `id_rep` int(11) DEFAULT NULL,
  `id_user` int(11) NOT NULL,
  `id_new` int(11) NOT NULL
) ENGINE=InnoDB DEFAULT CHARSET=utf8 COLLATE=utf8_unicode_ci;

--
-- Dumping data for table `comment`
--

INSERT INTO `comment` (`id`, `date`, `content`, `status`, `id_rep`, `id_user`, `id_new`) VALUES
(1, '2019-03-29', 'Good !!!', 1, NULL, 6, 17),
(2, '2019-03-29', 'Thanks', 2, 1, 1, 17),
(3, '2019-03-29', 'Very good !', 1, NULL, 1, 18),
(4, '2019-04-03', 'Tuan oi', 1, NULL, 6, 3),
(8, '2019-04-04', 'fsfsdfsfs', 1, NULL, 15, 17),
(9, '2019-04-04', 'gdgdfgdf', 1, 1, 15, 17),
(10, '2019-04-04', 'cbcbvc', 1, 8, 16, 17),
(11, '2019-04-04', 'dasdsa', 1, NULL, 16, 17),
(12, '2019-04-04', 'fsfs', 1, 11, 16, 17),
(13, '2019-04-04', 'xvds', 1, 11, 16, 17),
(14, '2019-04-04', 'fsfsdf', 1, NULL, 16, 17),
(15, '2019-04-04', 'fsdfsf', 1, NULL, 16, 17),
(16, '2019-04-04', 'ffffffffffffffff', 1, NULL, 16, 17),
(17, '2019-04-04', 'fsfsd', 1, 14, 16, 17),
(18, '2019-04-04', 'nnnnnnn', 1, 15, 16, 17),
(19, '2019-04-04', 'kkkkkkkkkkk', 1, 16, 16, 17),
(20, '2019-04-04', 'dsad', 1, NULL, 1, 17),
(21, '2019-04-04', 'dasdsada', 1, NULL, 1, 17),
(22, '2019-04-04', 'dasdas', 1, NULL, 1, 17),
(23, '2019-04-04', 'dsadas', 1, 11, 1, 17),
(24, '2019-04-04', 'dasdsadaa', 1, 11, 1, 17);

-- --------------------------------------------------------

--
-- Table structure for table `news`
--

CREATE TABLE `news` (
  `id` int(11) NOT NULL,
  `title` varchar(1000) COLLATE utf8_unicode_ci NOT NULL,
  `describe` varchar(10000) COLLATE utf8_unicode_ci NOT NULL,
  `content` text COLLATE utf8_unicode_ci NOT NULL,
  `date` date NOT NULL,
  `day_update` date DEFAULT NULL,
  `thumbnail` varchar(1000) COLLATE utf8_unicode_ci NOT NULL,
  `status` int(11) NOT NULL,
  `id_type` int(11) NOT NULL,
  `id_user` int(11) NOT NULL,
  `trending` int(11) NOT NULL,
  `view` int(11) NOT NULL
) ENGINE=InnoDB DEFAULT CHARSET=utf8 COLLATE=utf8_unicode_ci;

--
-- Dumping data for table `news`
--

INSERT INTO `news` (`id`, `title`, `describe`, `content`, `date`, `day_update`, `thumbnail`, `status`, `id_type`, `id_user`, `trending`, `view`) VALUES
(3, '7 tựa game online cực đình đám nhưng cực xui xẻo đã bị hủy ngay trước khi ra mắt', 'Những tựa game online này từng rất đình đám nhưng cuối cùng chỉ để lại niềm tiếc nuối vô hạn.', '<p>Xuy&ecirc;n suốt lịch sử của c&aacute;c&nbsp;<a href=\"http://gamek.vn/game-online.htm\" target=\"_blank\">game online</a>, c&oacute; rất nhiều dự &aacute;n cực hay nhưng lại chưa bao giờ được người chơi biết đến. Việc bị hủy trước lịch ph&aacute;t h&agrave;nh thật sự rất tồi tệ v&agrave; ch&uacute;ng cũng đi k&egrave;m với v&ocirc; v&agrave;n l&iacute; do kh&aacute;c nhau. Nhưng một trong c&aacute;c l&iacute; do điển h&igrave;nh nhất l&agrave; những tựa game n&agrave;y kh&ocirc;ng &quot;đủ tốt&quot; như những g&igrave; m&agrave; c&aacute;c nh&agrave; ph&aacute;t triển ch&uacute;ng mong đợi. H&atilde;y c&ugrave;ng điểm qua tới tận 7 tựa game online với c&ugrave;ng một l&iacute; do như vậy m&agrave; bị hủy bỏ dự &aacute;n trước khi ch&uacute;ng c&oacute; thể đến với tay người chơi.</p>\r\n\r\n<p><strong>World of Darkness</strong></p>\r\n\r\n<p>T&iacute;nh từ thời điểm b&acirc;y giờ, cũng phải 5 năm tr&ocirc;i qua từ khi World of Darkness ch&iacute;nh thức bị cancel, mặc d&ugrave; c&aacute;c fan của d&ograve;ng cốt truyện n&agrave;y vẫn mong một ng&agrave;y n&agrave;o đ&oacute;, ch&uacute;ng được hồi sinh. V&agrave;o thời điểm đ&oacute;, cứ mỗi một mảnh tin tức về World of Darkness được tiết lộ, c&aacute;c game thủ lại thắc mắc rằng liệu ch&uacute;ng c&oacute; phải game online hay kh&ocirc;ng. Nhưng do việc ảnh hưởng qu&aacute; nhiều bởi c&aacute;c xu thế của những tr&ograve; chơi mới thời đ&oacute;, c&oacute; thể n&oacute;i World of Darkness chưa từng l&agrave; một tựa game thuộc d&ograve;ng MMO ho&agrave;n chỉnh.</p>\r\n\r\n<p><a href=\"https://genknews.genkcdn.vn/2019/3/21/world-of-darkness-15531687216781812391218.jpg\" target=\"_blank\"><img alt=\"7 tựa game online cực đình đám nhưng cực xui xẻo đã bị hủy ngay trước khi ra mắt - Ảnh 1.\" src=\"https://genknews.genkcdn.vn/thumb_w/640/2019/3/21/world-of-darkness-15531687216781812391218.jpg\" style=\"margin:0px\" /></a></p>\r\n\r\n<p>Hơn nữa, game đ&atilde; va vấp phải h&agrave;ng ng&agrave;n sự kh&oacute; khăn ngay từ khi mới bắt đầu được l&agrave;m ra. CCP Games rất v&ocirc; tổ chức khi thường lấy đi nguồn nh&acirc;n lực m&agrave; cụ thể l&agrave; người ph&aacute;t triển ra khỏi dự &aacute;n để l&agrave;m việc với c&aacute;c nh&agrave; sản xuất lớn hơn v&igrave; lợi nhuận. Thậm ch&iacute; đến quản l&yacute; của dự &aacute;n c&ograve;n kh&ocirc;ng c&oacute; tầm nh&igrave;n về tr&ograve; chơi v&agrave; kh&ocirc;ng thể trả lời c&aacute;c c&acirc;u hỏi cơ bản li&ecirc;n quan đến n&oacute;.</p>\r\n\r\n<p>Đ&oacute; cũng l&agrave; dấu chấm hết cho một World of Darkness rất hứa hẹn, v&agrave; tiền đồ của n&oacute; cũng như c&aacute;i t&ecirc;n của n&oacute; vậy, kh&aacute; &quot;đen tối&quot;. Rất may rằng n&oacute; vẫn được xem như một tr&ograve; chơi d&ugrave; chưa bao giờ ra mắt, nhờ v&agrave;o một người chơi bản beta đ&atilde; kịp chụp lại một số ảnh của game v&agrave; gameplay của n&oacute;.</p>\r\n\r\n<p><strong>Everquest Next</strong></p>\r\n\r\n<p>Đ&acirc;y được nhận định l&agrave; một chương tiếp theo của Everest Saga, một MMORPG đồ họa 3D kh&aacute; đẹp mắt<strong>.&nbsp;</strong>L&uacute;c đ&oacute; lả khoảng năm 2015, đ&atilde; c&oacute; những nghi ngờ về việc game c&oacute; được ra mắt hay kh&ocirc;ng. Nh&agrave; sản xuất đ&atilde; chấm dứt hợp đồng với Storybricks v&agrave; sa thải hầu như to&agrave;n bộ c&ocirc;ng ty, thậm ch&iacute; l&agrave; cả c&aacute;c hoạt động tr&ecirc;n diễn đ&agrave;n cũng bị ngừng lại.</p>\r\n\r\n<p>Cho đến năm 2016 th&igrave; c&oacute; th&ocirc;ng tin ch&iacute;nh về việc game bị hủy bỏ. Đ&oacute; cũng l&agrave; một bất ngờ lớn với cộng đồng game thủ v&igrave; rất nhiều b&aacute;o ch&iacute; thời đ&oacute; đưa tin về Everquest Next sẽ ra mắt ho&agrave;nh tr&aacute;ng như thế n&agrave;o.</p>\r\n\r\n<p><a href=\"https://genknews.genkcdn.vn/2019/3/21/everquest-next-15531687216691483294740.jpg\" target=\"_blank\"><img alt=\"7 tựa game online cực đình đám nhưng cực xui xẻo đã bị hủy ngay trước khi ra mắt - Ảnh 2.\" src=\"https://genknews.genkcdn.vn/thumb_w/640/2019/3/21/everquest-next-15531687216691483294740.jpg\" style=\"margin:0px\" /></a></p>\r\n\r\n<p>Thậm ch&iacute; ngay cả những người chơi chi trả 100$ cho g&oacute;i 2 game bao gồm Everquest Next v&agrave; Landmark lại kh&ocirc;ng được hậu m&atilde;i đầy đủ khi Everquest Next bị hủy. Đ&acirc;y cũng l&agrave; một dốc trượt kh&ocirc;ng phanh cho d&ograve;ng game đầy hứa hẹn v&agrave; từ đ&oacute; đến nay vẫn chưa c&oacute; dấu hiệu được t&aacute;i khởi động dự &aacute;n.</p>\r\n\r\n<p><strong>Kingdoms of Amalur: Project Copernicus</strong></p>\r\n\r\n<p>Trong khi những người h&acirc;m mộ d&ograve;ng Kingdoms of Amalur rất mong chờ nội dung mới của game mang t&ecirc;n Project Copernicus, vậy m&agrave; game lại kh&ocirc;ng thể ra mắt. Lấy bối cảnh trong vũ trụ Amalur, c&oacute; thể n&oacute;i kịch bản của game cực kỳ đặc sắc khi lu&ocirc;n lu&ocirc;n xoay quanh c&aacute;c drama c&oacute; nguồn cảm hứng từ đời thực.</p>\r\n\r\n<p>&nbsp;</p>\r\n\r\n<p>&nbsp;</p>\r\n\r\n<p><a href=\"https://genknews.genkcdn.vn/2019/3/21/kingdoms-of-amalur-15531687216721840882309.png\" target=\"_blank\"><img alt=\"7 tựa game online cực đình đám nhưng cực xui xẻo đã bị hủy ngay trước khi ra mắt - Ảnh 3.\" src=\"https://genknews.genkcdn.vn/thumb_w/640/2019/3/21/kingdoms-of-amalur-15531687216721840882309.png\" style=\"margin:0px\" /></a>Cũng v&igrave; thế m&agrave; studio của game hứng chịu một đợt drama to kh&ocirc;ng k&eacute;m, v&agrave; kết quả l&agrave; Project Copernicus kh&ocirc;ng thể sống s&oacute;t nổi. Tuy nhi&ecirc;n đ&acirc;y vẫn chưa phải l&agrave; dấu chấm hết cho n&oacute;, bởi c&ocirc;ng ty THQ Nordic đ&atilde; mua lại IP của tr&ograve; chơi bao gồm cả phần Copernicus n&agrave;y v&agrave;o cuối năm ngo&aacute;i. Nhưng rất c&oacute; thể họ sẽ kh&ocirc;ng tạo ra một Copernicus nguy&ecirc;n si m&agrave; phi&ecirc;n bản mới mang một c&aacute;i t&ecirc;n kh&aacute;c.</p>\r\n\r\n<p><strong>Stargate Worlds</strong></p>\r\n\r\n<p>Nhiều người đ&atilde; từng đ&aacute;nh gi&aacute; rằng, đ&acirc;y như một tựa game online l&agrave;m ri&ecirc;ng cho một series phim truyền h&igrave;nh vậy v&igrave; những h&igrave;nh ảnh cuối c&ugrave;ng của n&oacute; được lấy từ nhiều cảnh quay trong Stargate Universe. C&acirc;u chuyện xoay quanh cuộc chiến giữa lo&agrave;i người tr&ecirc;n Tr&aacute;i Đất (được biết đến với c&aacute;i t&ecirc;n Tau&rsquo;ri) v&agrave; một giống lo&agrave;i người ngo&agrave;i h&agrave;nh tinh đ&aacute;ng sợ Goa&rsquo;uld đ&atilde; từng bắt c&oacute;c người l&agrave;m n&ocirc; lệ v&agrave; b&aacute;n họ tr&ecirc;n khắp dải ng&acirc;n h&agrave;.</p>\r\n\r\n<p><a href=\"https://genknews.genkcdn.vn/2019/3/21/stargate-worlds-1553168721674763039447.jpg\" target=\"_blank\"><img alt=\"7 tựa game online cực đình đám nhưng cực xui xẻo đã bị hủy ngay trước khi ra mắt - Ảnh 4.\" src=\"https://genknews.genkcdn.vn/thumb_w/640/2019/3/21/stargate-worlds-1553168721674763039447.jpg\" style=\"margin:0px\" /></a></p>\r\n\r\n<p>C&aacute;c chủng tộc nh&acirc;n vật c&oacute; thể được chọn trong tr&ograve; chơi bao gồm Tau&rsquo;ri, Goa&rsquo;uld, Jaffa (một loại người đột biến gen để phục vụ cho Goa&rsquo;uld) v&agrave; người Asgard (người ngo&agrave;i h&agrave;nh tinh cấp cao). Game cũng đ&atilde; từng rất nổi tiếng trước khi bị hủy sau phi&ecirc;n bản beta. L&yacute; do hết sức đơn giản bởi c&ocirc;ng ty sản xuất đ&atilde; bị ph&aacute; sản v&agrave; kh&ocirc;ng c&ograve;n một ch&uacute;t cơ hội n&agrave;o để c&oacute; thể tung tr&ograve; chơi ra thị trường.</p>\r\n\r\n<p><strong>Shadow Realms</strong></p>\r\n\r\n<p>Trước khi Anthem ra mắt, Bioware đ&atilde; từng c&oacute; kế hoạch ph&aacute;t triển con Shadow Realms n&agrave;y, một tr&ograve; chơi 4v1 m&agrave; rất &iacute;t người tr&ecirc;n thế giới được thấy. N&oacute; đ&atilde; bị hủy bỏ sau một v&agrave;i th&aacute;ng được demo tại Gamescom. Về ph&iacute;a nh&agrave; sản xuất, Bioware chỉ n&oacute;i đơn gian l&agrave; đ&atilde; chuyển sang dự &aacute;n kh&aacute;c m&agrave; cụ thể ở đ&acirc;y ch&iacute;nh l&agrave; &quot;bom si&ecirc;u xịt&quot;&nbsp;<a href=\"http://gamek.vn/anthem.htm\" target=\"_blank\">Anthem</a>. Cho đến b&acirc;y giờ, người ta vẫn thắc mắc rằng liệu họ c&oacute; thể c&oacute; mọi thứ su&ocirc;n sẻ hơn nếu chịu kh&oacute; ki&ecirc;n nhẫn với Shadow Realms một ch&uacute;t nữa kh&ocirc;ng.</p>\r\n\r\n<p><a href=\"https://genknews.genkcdn.vn/2019/3/21/shadowrealms-15531687216731052802568.jpg\" target=\"_blank\"><img alt=\"7 tựa game online cực đình đám nhưng cực xui xẻo đã bị hủy ngay trước khi ra mắt - Ảnh 5.\" src=\"https://genknews.genkcdn.vn/thumb_w/640/2019/3/21/shadowrealms-15531687216731052802568.jpg\" style=\"margin:0px\" /></a></p>\r\n\r\n<p><strong>True Fantasy Live Online</strong></p>\r\n\r\n<p>Đ&acirc;y l&agrave; game đ&atilde; bị hủy bỏ ngay trước khi ch&uacute;ng sắp ho&agrave;n th&agrave;nh. C&ocirc;ng ty ph&aacute;t triển n&oacute; tại Nhật Bản: Level-5 cũng đ&atilde; th&ocirc;ng b&aacute;o rằng họ đang gặp rất nhiều kh&oacute; khăn trong việc code mảng mạng online. Ngo&agrave;i ra mối quan hệ giữa Microsoft với Level-5 cũng kh&aacute; căng thẳng khi Microsoft kh&ocirc;ng thể đ&aacute;p ứng được c&aacute;c y&ecirc;u cầu của ph&iacute;a đối t&aacute;c. N&oacute;i t&oacute;m lại, vẫn rất l&agrave; tiếc cho một tựa game với những cảnh quay tuyệt đẹp v&agrave; sống động đến thế.</p>\r\n\r\n<p><a href=\"https://genknews.genkcdn.vn/2019/3/21/true-fantasy-live-online-1553168721676671273821.jpg\" target=\"_blank\"><img alt=\"7 tựa game online cực đình đám nhưng cực xui xẻo đã bị hủy ngay trước khi ra mắt - Ảnh 6.\" src=\"https://genknews.genkcdn.vn/2019/3/21/true-fantasy-live-online-1553168721676671273821.jpg\" style=\"margin:0px\" /></a></p>\r\n\r\n<p><strong>Imperator Online</strong></p>\r\n\r\n<p>H&atilde;y tưởng tượng ra một thế giới m&agrave; trong đ&oacute;, triều đại đế chế Rome kh&ocirc;ng bao giờ sụp đổ. Đ&oacute; ch&iacute;nh l&agrave; những g&igrave; diễn ra nếu như Imperator Online được ra mắt. Vốn dĩ, tr&ograve; chơi sẽ như một h&ograve;n đ&aacute; m&agrave; đ&ograve;n bẩy của n&oacute; l&agrave; huyền thoại Dark Age of Camelot. Nhưng cũng như những tựa game kể trong danh s&aacute;ch n&agrave;y, Imperator Online bị hủy do nh&agrave; sản xuất cảm thấy rằng n&oacute; kh&ocirc;ng thể trở th&agrave;nh một game AAA, m&agrave; thay v&agrave;o đ&oacute; l&agrave; Warhammer Online ra mắt.</p>\r\n\r\n<p><a href=\"https://genknews.genkcdn.vn/2019/3/21/imperator-online-15531687216701685180739.jpg\" target=\"_blank\"><img alt=\"7 tựa game online cực đình đám nhưng cực xui xẻo đã bị hủy ngay trước khi ra mắt - Ảnh 7.\" src=\"https://genknews.genkcdn.vn/thumb_w/640/2019/3/21/imperator-online-15531687216701685180739.jpg\" style=\"margin:0px\" /></a></p>\r\n', '2019-03-22', '2019-04-04', '1553235308news_01.jpg', 1, 33, 1, 1, 4),
(5, 'Bằng sáng chế mới của Apple cho thấy sạc không dây đúng nghĩa là như thế nào', 'Bằng sáng chế mới của Apple cho thấy năng lượng có thể truyền không dây cho các thiết bị gần xung quanh mà không cần đế sạc chuyên dụng nào.', '<p>Theo một bằng s&aacute;ng chế của Apple mới được Cơ quan s&aacute;ng chế v&agrave; nh&atilde;n hiệu Mỹ c&ocirc;ng bố, Apple đang t&igrave;m kiếm c&aacute;c c&ocirc;ng nghệ c&oacute; thể truyền năng lượng kh&ocirc;ng d&acirc;y từ m&aacute;y t&iacute;nh của họ sang m&agrave;n h&igrave;nh hoặc c&aacute;c thiết bị ở gần đ&oacute;, như b&agrave;n ph&iacute;m hoặc chuột kh&ocirc;ng d&acirc;y.</p>\r\n\r\n<p>Việc cấp năng lượng kh&ocirc;ng d&acirc;y cho c&aacute;c thiết bị tầm gần sẽ l&agrave;m pin sạc trở n&ecirc;n kh&ocirc;ng cần thiết đối với c&aacute;c thiết bị đ&oacute; nữa.</p>\r\n\r\n<p><img alt=\"Bằng sáng chế mới của Apple cho thấy sạc không dây đúng nghĩa là như thế nào - Ảnh 1.\" src=\"http://genknews.genkcdn.vn/thumb_w/660/2019/3/22/5c93a392daa50700cd087907-960-720-15532333236851319404407.jpg\" style=\"margin:0px; width:625px\" /></p>\r\n\r\n<p>H&igrave;nh ảnh m&ocirc; tả cho thấy hệ thống n&agrave;y c&oacute; thể sạc từ xa cho c&aacute;c thiết bị xung quanh.</p>\r\n\r\n<p>Kh&ocirc;ng giống như đế sạc kh&ocirc;ng d&acirc;y cho smartphone hoặc smartwatch &ndash; c&ocirc;ng nghệ được Apple m&ocirc; tả trong bằng s&aacute;ng chế kh&ocirc;ng cần một đế sạc kh&ocirc;ng d&acirc;y nữa. Thay v&agrave;o đ&oacute;, năng lượng sẽ được truyền kh&ocirc;ng d&acirc;y tầm gần từ một m&aacute;y t&iacute;nh b&agrave;n hoặc một m&agrave;n h&igrave;nh.</p>\r\n\r\n<p>&Yacute; tưởng th&uacute; vị n&agrave;y sẽ đặc biệt hữu dụng đối với con chuột kh&ocirc;ng d&acirc;y Magic Mouse 2 của Apple, khi cổng sạc của n&oacute; nằm ở dưới đ&aacute;y v&agrave; bạn phải lật ngửa n&oacute; l&ecirc;n để cắm sạc. Điều n&agrave;y c&oacute; nghĩa l&agrave; n&oacute; kh&ocirc;ng thể sử dụng trong khi đang sạc.</p>\r\n\r\n<p><img alt=\"Bằng sáng chế mới của Apple cho thấy sạc không dây đúng nghĩa là như thế nào - Ảnh 2.\" src=\"http://genknews.genkcdn.vn/thumb_w/660/2019/3/22/5c93a05ef73f5c58aa30ac83-960-720-1553233323675201423102.png\" style=\"margin:0px; width:625px\" /></p>\r\n\r\n<p>Magic Mouse 2 với c&aacute;ch thiết kế cổng sạc hơi ngược đời.</p>\r\n\r\n<p>N&oacute; cũng cho thấy tiềm năng trong việc sạc kh&ocirc;ng d&acirc;y cho c&aacute;c thiết bị kh&aacute;c, như iPhone hoặc AirPod. Mặc d&ugrave; vậy, vẫn chưa r&otilde; liệu t&iacute;nh năng sạc kh&ocirc;ng d&acirc;y như được m&ocirc; tả trong bằng s&aacute;ng chế của Apple c&oacute; đủ năng lượng để sạc cho c&aacute;c thiết bị lớn hơn hay kh&ocirc;ng.</p>\r\n\r\n<p>Nhiều khả năng c&aacute;c thiết bị hiện tại sẽ kh&ocirc;ng thể c&oacute; được t&iacute;nh năng sạc kh&ocirc;ng d&acirc;y n&agrave;y, khi bằng s&aacute;ng chế đ&oacute; cho biết rằng, c&aacute;c thiết bị sẽ cần một phần cứng cụ thể để nhận được năng lượng &ndash; một t&iacute;nh năng kh&ocirc;ng thể c&oacute; được qua cập nhật phần mềm &ndash; đ&oacute; l&agrave; nếu như bằng s&aacute;ng chế n&agrave;y được đưa v&agrave;o trong một sản phẩm n&agrave;o đ&oacute; tr&ecirc;n kệ cửa h&agrave;ng.</p>\r\n\r\n<p>Cho d&ugrave; đ&acirc;y chỉ l&agrave; bằng s&aacute;ng chế v&agrave; kh&ocirc;ng chắc chắn rằng n&oacute; sẽ c&oacute; mặt tr&ecirc;n thị trường. V&agrave;o đầu năm 2016, từng c&oacute; tin đồn về việc Apple hợp t&aacute;c với c&ocirc;ng ty&nbsp;Energous Corp., h&atilde;ng c&oacute; nhiều bằng s&aacute;ng chế cho c&ocirc;ng nghệ sạc kh&ocirc;ng d&acirc;y từ xa v&agrave; c&ocirc;ng nghệ của họ đ&atilde; được FCC chấp nhận. Tuy nhi&ecirc;n đến nay vẫn chưa c&oacute; th&ocirc;ng tin g&igrave; về một sản phẩm trang bị c&ocirc;ng nghệ n&agrave;y.</p>\r\n\r\n<p><img alt=\"Bằng sáng chế mới của Apple cho thấy sạc không dây đúng nghĩa là như thế nào - Ảnh 3.\" src=\"http://genknews.genkcdn.vn/thumb_w/660/2019/3/22/5c93a296daa50701537a5926-960-720-1553233323682296480084.jpg\" style=\"margin:0px; width:625px\" /></p>\r\n\r\n<p>B&agrave;n di chuột ki&ecirc;m sạc kh&ocirc;ng d&acirc;y của Logitech.</p>\r\n\r\n<p>Một số nh&agrave; sản xuất phụ kiện đ&atilde; t&igrave;m nhiều c&aacute;ch kh&aacute;c nhau để sạc kh&ocirc;ng d&acirc;y cho chuột th&ocirc;ng qua b&agrave;n di chuột. Tấm sạc kh&ocirc;ng d&acirc;y Logitech PowerPlay Wireless Charging Pad sử dụng sạc kh&ocirc;ng d&acirc;y chuẩn Qi để truyền năng lượng li&ecirc;n tục cho c&aacute;c con chuột tương th&iacute;ch với chuẩn n&agrave;y, v&iacute; dụ như chuột chơi game của Logitech G903 v&agrave; G703.</p>\r\n\r\n<p>Nh&agrave; sản xuất phụ kiện chơi game Corsair cũng c&oacute; b&agrave;n di chuột ki&ecirc;m sạc kh&ocirc;ng d&acirc;y ri&ecirc;ng của m&igrave;nh, v&agrave; cũng hỗ trợ chuẩn Qi tương tự như Logitech. Tuy nhi&ecirc;n, b&agrave;n di chuột n&agrave;y chỉ c&oacute; thể sạc cho chuột v&agrave; c&aacute;c thiết bị tương th&iacute;ch chuẩn Qi trong một v&ugrave;ng nhất định n&agrave;o đ&oacute;, thay v&igrave; to&agrave;n bộ bề mặt như của Logitech.</p>\r\n\r\n<p>Tham khảo Business Insider</p>\r\n', '2019-04-01', '2019-04-04', '1554086520VEEBmEb.jpg', 1, 36, 1, 1, 9),
(6, 'Hà Lan - Belarus: \"Người cũ\" MU chói sáng, tiệc bàn thắng mãn nhãn', 'Kết quả bóng đá Hà Lan - Belarus, lượt đầu bảng C vòng loại Euro 2020) Ngôi sao từng khoác áo MU là nhân vật chính trong \"đại tiệc\" bàn thắng trên SVĐ Stadion Feijenoord.', '<p>Vẫn biết&nbsp;<strong>H&agrave; Lan</strong>&nbsp;vượt trội ho&agrave;n to&agrave;n so với Belarus, nhưng NHM &quot;Cơn lốc m&agrave;u da cam&quot; kh&ocirc;ng ngờ đội tuyển con cưng lại c&oacute; m&agrave;n ra qu&acirc;n ở v&ograve;ng loại Euro 2020 tưng bừng đến vậy. Ngay gi&acirc;y thứ 49, ng&ocirc;i sao đang chơi cho Lyon - Memphis Depay đ&atilde; tận dụng pha phối hợp&nbsp;bất cẩn của hậu vệ v&agrave; thủ m&ocirc;n đối phương để ghi t&ecirc;n m&igrave;nh l&ecirc;n bảng tỉ số.</p>\r\n\r\n<p>&nbsp;</p>\r\n\r\n<p>Depay ch&oacute;i s&aacute;ng gi&uacute;p H&agrave; Lan thắng tưng bừng ở trận ra qu&acirc;n</p>\r\n\r\n<p>Đ&uacute;ng 20 ph&uacute;t sau, đến lượt ng&ocirc;i sao của Liverpool - Georginio Wijnaldum nh&acirc;n đ&ocirc;i c&aacute;ch biệt với c&uacute; dứt điểm nhanh như chớp trong v&ograve;ng cấm địa.</p>\r\n\r\n<p>Bước sang hiệp 2, thế trận kh&ocirc;ng c&oacute; nhiều thay đổi: Belarus oằn m&igrave;nh chống đỡ những đợt tấn c&ocirc;ng như vũ b&atilde;o từ H&agrave; Lan. Ph&uacute;t 55, Depay ho&agrave;n tất c&uacute; đ&uacute;p&nbsp;tr&ecirc;n chấm phạt đền, n&acirc;ng tỉ số l&ecirc;n 3-0.&nbsp;&quot;Cơn &aacute;c mộng&quot; của đội kh&aacute;ch chỉ kh&eacute;p lại v&agrave;o ph&uacute;t 86, thời điểm trung vệ&nbsp;Virgil van Dijk ấn định tỉ số 4-0 chung cuộc.</p>\r\n\r\n<p>Như vậy, H&agrave; Lan đ&atilde; tạm thời vươn l&ecirc;n ng&ocirc;i đầu bảng C.</p>\r\n\r\n<p><strong>Chung cuộc:</strong>&nbsp;H&agrave; Lan 4-0 Belarus (tỷ số hiệp 1: 2-0)</p>\r\n\r\n<p><strong>Ghi b&agrave;n:&nbsp;</strong>M. Depay 1&#39;&nbsp;55&#39; (pen), G. Wijnaldum 21&#39;,&nbsp;V. van Dijk 86&#39;</p>\r\n\r\n<p><strong>Đội h&igrave;nh xuất ph&aacute;t:</strong></p>\r\n\r\n<p><strong>H&agrave; Lan:&nbsp;</strong>Jasper Cillessen; Denzel Dumfries, Matthijs de Ligt, Virgil van Dijk, Daley Blind; Marten de Roon, Georginio Wijnaldum, Frenkie de Jong; Steven Bergwijn, Memphis Depay, Ryan Babel</p>\r\n\r\n<p><strong>Belarus:&nbsp;</strong>Andrey Gorbunov; Igor Shitov, Aleksandr Martynovich, Mikhail Sivakov, Denis Polyakov; Stanislav Dragun, Ivan Maevski, Yuri Kovalev, Anton Putsila, Igor Stasevich; Nikolai Signevich</p>\r\n', '2019-03-22', '2019-04-05', '1553238799news_03.jpg', 1, 39, 1, 1, 22),
(7, 'Samsung giới thiệu bộ nhớ HBM2E mới, tương lai card đồ họa sẽ có VRAM lên đến 64GB', 'Samsung vừa giới thiệu một loại bộ nhớ có băng thông cao mới tên là HBM2E tại sự kiện NVIDIA GPU Technology Conference (GTC) diễn ra trong tuần này. Samsung tuyên bố công nghệ này cho tốc độ nhanh gấp 33% so với thế hệ HBM2 trước đó.', '<p>Quan trọng hơn nữa, c&ocirc;ng nghệ n&agrave;y của Samsung sẽ gi&uacute;p tăng mức bộ nhớ đệm trong card đồ họa lớn hơn nhiều so với số lượng ở hiện tại.</p>\r\n\r\n<p>C&ocirc;ng nghệ bộ nhớ n&agrave;y của Samsung c&oacute; t&ecirc;n gọi l&agrave; &quot;Flashbolt&quot;, c&oacute; thể đạt tối đa 3,2Gbps tr&ecirc;n mỗi ch&acirc;n pin. N&oacute; c&oacute; mật độ 16Gb tr&ecirc;n mỗi die, gấp đ&ocirc;i dung lượng so với thế hệ trước, v&agrave; sẽ c&oacute; 8 die được xếp lớp chồng l&ecirc;n nhau (stack). Điều n&agrave;y gi&uacute;p tăng l&ecirc;n tối đa 16GB cho mỗi stack. Với mức 3,2Gbps tr&ecirc;n bus 1.024-bit, một stack c&oacute; thể đạt mức băng th&ocirc;ng l&ecirc;n đến 410GB/s.</p>\r\n\r\n<p>Theo PCGamer, điểm th&uacute; vị l&agrave; nếu sử dụng 4 stack Flashbolt kết hợp với bộ xử l&yacute; đạt bus 4.096-bit c&oacute; thể tăng dung lượng bộ nhớ l&ecirc;n đến 64GB, băng th&ocirc;ng 1,64TB/s.</p>\r\n\r\n<p><img alt=\"Samsung giới thiệu bộ nhớ HBM2E mới, tương lai card đồ họa sẽ có VRAM lên đến 64GB - Ảnh 1.\" src=\"http://genknews.genkcdn.vn/2019/3/22/vq3fbhqxwbdjfqpcfxqq4k-650-80-15531969582491876610464.jpg\" style=\"margin:0px; width:625px\" /></p>\r\n\r\n<p>Tr&ecirc;n thực tế, chiếc card đồ họa Radeon VII của AMD mới ra mắt gần đ&acirc;y đ&atilde; đạt được dung lượng 16GB HBM2 với băng th&ocirc;ng 1TB/s. Để l&agrave;m được điều n&agrave;y, AMD đ&atilde; sử dụng 4 stack bộ nhớ, thay v&igrave; chỉ sử dụng một stack đơn như Flashbolt.</p>\r\n\r\n<p>&quot;Hiệu năng vượt trội của Flashbolt sẽ cung cấp c&aacute;c giải ph&aacute;p ti&ecirc;n tiến cho những trung t&acirc;m dữ liệu, tr&iacute; tuệ nh&acirc;n tạo, m&aacute;y học v&agrave; ứng dụng đồ họa thế hệ tiếp theo&quot;, Jinman Han, Ph&oacute; Chủ tịch cấp cao của nh&oacute;m Kỹ thuật ứng dụng v&agrave; l&ecirc;n kế hoạch sản phẩm bộ nhớ tại Samsung Electronics cho biết. &quot;Ch&uacute;ng t&ocirc;i sẽ tiếp tục mở rộng khả năng cung cấp DRAM cao cấp của m&igrave;nh v&agrave; cải thiện ph&acirc;n kh&uacute;c bộ nhớ hiệu năng, dung lượng cao v&agrave; ti&ecirc;u tốn &iacute;t điện năng để đ&aacute;p ứng nhu cầu của thị trường&quot;.</p>\r\n\r\n<p>D&ugrave; vậy, sẽ c&ograve;n rất l&acirc;u để đưa c&ocirc;ng nghệ n&agrave;y v&agrave;o c&aacute;c sản phẩm ti&ecirc;u d&ugrave;ng bởi c&aacute;c mục đ&iacute;ch chuy&ecirc;n nghiệp lại thực sự cần n&oacute; hơn thay v&igrave; cho nhu cầu chơi game. Kh&ocirc;ng c&oacute; g&igrave; lạ khi những c&ocirc;ng nghệ ti&ecirc;n tiến lu&ocirc;n xuất hiện trong c&aacute;c m&aacute;y chủ v&agrave; trung t&acirc;m dữ liệu trước khi phổ cập đến m&ocirc;i trường người ti&ecirc;u d&ugrave;ng.</p>\r\n\r\n<p>Dĩ nhi&ecirc;n, nhược điểm của n&oacute; vẫn l&agrave; mức gi&aacute;. HBM2 hiện vẫn c&oacute; gi&aacute; tương đối đắt so với GDDR5/6. Trong khi đ&oacute;, GDDR lại ngược lại do cung cấp mật độ thấp hơn, tuy nhi&ecirc;n, kh&ocirc;ng phải kh&ocirc;ng c&oacute; l&yacute; do m&agrave; n&oacute; đột nhi&ecirc;n biến mất.</p>\r\n\r\n<p>Hiện Samsung chưa c&ocirc;ng bố thời điểm sẽ sản xuất HBM2E h&agrave;ng loạt.</p>\r\n\r\n<p>&nbsp;</p>\r\n', '2019-03-22', '2019-04-04', '1553240168news_04.jpg', 1, 36, 1, 2, 32),
(8, 'LMHT: 5 tướng nữ sở hữu ngoại hình siêu gợi cảm, xứng đáng là linh hồn của Liên Minh Huyền Thoại', 'Chơi bao nhiêu năm nay, chỉ thích nhất cô nàng Miss Fortune với thân hình nóng bỏng và khả năng gây sát thương khổng lồ.', '<p>Nhắc đến Li&ecirc;n Minh Huyền Thoại, c&oacute; lẽ anh em đ&atilde; qu&aacute; quen thuộc với độ gợi cảm của d&agrave;n tướng nữ. Dường như Riot Games thấu hiểu được sở th&iacute;ch của anh em game thủ n&ecirc;n ng&agrave;y c&agrave;ng buff v&ograve;ng 1 v&agrave; v&ograve;ng 3 của những vị tướng n&agrave;y đến mức... xịt m&aacute;u mũi.</p>\r\n\r\n<p>Dưới đ&acirc;y l&agrave; những b&oacute;ng hồng xứng đ&aacute;ng được coi l&agrave; linh hồn của LMHT, thương hiệu sexy n&oacute;ng bỏng của những nữ tướng n&agrave;y khiến những ai chưa chơi cũng phải nghe danh &iacute;t nhất một lần.</p>\r\n\r\n<p><strong>Ahri</strong></p>\r\n\r\n<p><a href=\"https://genknews.genkcdn.vn/2019/3/21/photo-1-15531833099091277132249.jpg\" target=\"_blank\"><img alt=\"LMHT: 5 tướng nữ sở hữu ngoại hình siêu gợi cảm, xứng đáng là linh hồn của Liên Minh Huyền Thoại - Ảnh 1.\" src=\"https://genknews.genkcdn.vn/thumb_w/640/2019/3/21/photo-1-15531833099091277132249.jpg\" style=\"margin:0px\" /></a></p>\r\n\r\n<p>N&agrave;ng c&aacute;o Ahri xứng đ&aacute;ng xếp vị tr&iacute; số 1 trong bảng xếp hạng</p>\r\n\r\n<p>Nhắc đến đại mỹ nh&acirc;n LMHT th&igrave; kh&ocirc;ng thể thiếu vắng b&oacute;ng d&aacute;ng c&ocirc; n&agrave;ng Ahri quyến rũ.&nbsp;Ahri kh&ocirc;ng chỉ sở hữu bộ chi&ecirc;u thức &quot;chết người&quot; m&agrave; c&ocirc; c&ograve;n c&oacute; ngoại h&igrave;nh khiến người chơi n&agrave;o nh&igrave;n v&agrave;o cũng phải trầm trồ.</p>\r\n\r\n<p>Ahri cũng l&agrave; niềm cảm hứng để rất nhiều nữ cosplayer xinh đẹp h&oacute;a th&acirc;n.&nbsp;</p>\r\n\r\n<p><a href=\"https://genknews.genkcdn.vn/2019/3/21/photo-1-15531835761641541385614.jpg\" target=\"_blank\"><img alt=\"LMHT: 5 tướng nữ sở hữu ngoại hình siêu gợi cảm, xứng đáng là linh hồn của Liên Minh Huyền Thoại - Ảnh 2.\" src=\"https://genknews.genkcdn.vn/2019/3/21/photo-1-15531835761641541385614.jpg\" style=\"margin:0px\" /></a></p>\r\n\r\n<p>Kh&ocirc;ng cần qu&aacute; ph&ocirc; trương tạo d&aacute;ng, c&ocirc; n&agrave;ng Ahri vẫn cho thấy vẻ đẹp cuốn h&uacute;t của m&igrave;nh.</p>\r\n\r\n<p><a href=\"https://genknews.genkcdn.vn/2019/3/21/photo-1-1553183555269713844652.jpg\" target=\"_blank\"><img alt=\"LMHT: 5 tướng nữ sở hữu ngoại hình siêu gợi cảm, xứng đáng là linh hồn của Liên Minh Huyền Thoại - Ảnh 3.\" src=\"https://genknews.genkcdn.vn/2019/3/21/photo-1-1553183555269713844652.jpg\" style=\"margin:0px\" /></a></p>\r\n\r\n<p>Chưa cần skill E cũng đ&atilde; đủ m&ecirc; hoặc nam nh&acirc;n rồi.</p>\r\n\r\n<p><strong>Miss Fortune</strong></p>\r\n\r\n<p><a href=\"https://genknews.genkcdn.vn/2019/3/21/photo-1-15531833128271788849888.jpg\" target=\"_blank\"><img alt=\"LMHT: 5 tướng nữ sở hữu ngoại hình siêu gợi cảm, xứng đáng là linh hồn của Liên Minh Huyền Thoại - Ảnh 4.\" src=\"https://genknews.genkcdn.vn/thumb_w/640/2019/3/21/photo-1-15531833128271788849888.jpg\" style=\"margin:0px\" /></a></p>\r\n\r\n<p>Miss Fortune khủng cả ở ngoại h&igrave;nh lẫn lượng s&aacute;t thương trong giao tranh.</p>\r\n\r\n<p>Miss Fortune th&igrave; chắc chắn phải nằm trong top &quot;ngũ đại mĩ nh&acirc;n&quot; của LMHT với vẻ đẹp đậm chất phương T&acirc;y của m&igrave;nh.&nbsp;N&oacute;i đến sự ngọt ng&agrave;o m&agrave; hiện đại th&igrave; c&ocirc; n&agrave;ng n&agrave;y chiếm ưu thế lớn nhất bởi th&acirc;n h&igrave;nh n&oacute;ng bỏng, nụ cười say đắm l&ograve;ng người.</p>\r\n\r\n<p>Dưới đ&acirc;y l&agrave; một v&agrave;i Miss Fortune phi&ecirc;n bản đời thực đẹp đến xi&ecirc;u l&ograve;ng.</p>\r\n\r\n<p><a href=\"https://genknews.genkcdn.vn/2019/3/21/m1-1553183686557798684442.jpeg\" target=\"_blank\"><img alt=\"LMHT: 5 tướng nữ sở hữu ngoại hình siêu gợi cảm, xứng đáng là linh hồn của Liên Minh Huyền Thoại - Ảnh 5.\" src=\"https://genknews.genkcdn.vn/2019/3/21/m1-1553183686557798684442.jpeg\" style=\"margin:0px\" /></a></p>\r\n\r\n<p>Căng tr&agrave;n nhựa sống.</p>\r\n\r\n<p><a href=\"https://genknews.genkcdn.vn/2019/3/21/sung11-155318382967461033634.jpg\" target=\"_blank\"><img alt=\"LMHT: 5 tướng nữ sở hữu ngoại hình siêu gợi cảm, xứng đáng là linh hồn của Liên Minh Huyền Thoại - Ảnh 6.\" src=\"https://genknews.genkcdn.vn/2019/3/21/sung11-155318382967461033634.jpg\" style=\"margin:0px\" /></a></p>\r\n\r\n<p>Đừng tr&aacute;ch sao họng s&uacute;ng v&ocirc; t&igrave;nh.</p>\r\n\r\n<p><strong>Katarina</strong></p>\r\n\r\n<p><a href=\"https://genknews.genkcdn.vn/2019/3/21/photo-2-1553183312828784196048.jpg\" target=\"_blank\"><img alt=\"LMHT: 5 tướng nữ sở hữu ngoại hình siêu gợi cảm, xứng đáng là linh hồn của Liên Minh Huyền Thoại - Ảnh 7.\" src=\"https://genknews.genkcdn.vn/thumb_w/640/2019/3/21/photo-2-1553183312828784196048.jpg\" style=\"margin:0px\" /></a></p>\r\n\r\n<p>Katarina đứng vị tr&iacute; thứ 3</p>\r\n\r\n<p>Đại s&aacute;t thủ Katarina kh&ocirc;ng chỉ khiến &quot;giết chết&quot; đối thủ bằng những nh&aacute;t dao sắc nhọn m&agrave; c&ocirc; n&agrave;ng c&ograve;n c&oacute; ngoại h&igrave;nh sắc sảo.&nbsp;Vẻ ngo&agrave;i lạnh l&ugrave;ng của Katarina l&agrave; một trong những yếu tố khiến những đường n&eacute;t tr&ecirc;n khu&ocirc;n mặt c&ocirc; được lột tả một c&aacute;ch ho&agrave;n hảo nhất.</p>\r\n\r\n<p><strong>Irelia</strong></p>\r\n\r\n<p><a href=\"https://genknews.genkcdn.vn/2019/3/21/photo-4-15531833128291103848842.jpg\" target=\"_blank\"><img alt=\"LMHT: 5 tướng nữ sở hữu ngoại hình siêu gợi cảm, xứng đáng là linh hồn của Liên Minh Huyền Thoại - Ảnh 8.\" src=\"https://genknews.genkcdn.vn/thumb_w/640/2019/3/21/photo-4-15531833128291103848842.jpg\" style=\"margin:0px\" /></a></p>\r\n\r\n<p>Irelia nằm trong top 4 v&agrave; c&ocirc; n&agrave;ng c&oacute; một ngo&agrave;i h&igrave;nh khiến người lu&ocirc;n muốn ngắm m&atilde;i kh&ocirc;ng th&ocirc;i.&nbsp;Sự nhẹ nh&agrave;ng, tinh tế m&agrave; Irelia c&oacute; được khiến c&ocirc; kh&ocirc;ng thể nằm ngo&agrave;i danh s&aacute;ch mỹ nh&acirc;n &quot;10 ph&acirc;n vẹn 10&quot; của LMHT được.</p>\r\n\r\n<p><strong>Kai&#39;sa</strong></p>\r\n\r\n<p><a href=\"https://genknews.genkcdn.vn/2019/3/21/photo-5-15531833128291940197071.jpg\" target=\"_blank\"><img alt=\"LMHT: 5 tướng nữ sở hữu ngoại hình siêu gợi cảm, xứng đáng là linh hồn của Liên Minh Huyền Thoại - Ảnh 9.\" src=\"https://genknews.genkcdn.vn/thumb_w/640/2019/3/21/photo-5-15531833128291940197071.jpg\" style=\"margin:0px\" /></a></p>\r\n\r\n<p>Nằm vị tr&iacute; cuối c&ugrave;ng l&agrave; Kai&#39;sa, c&ocirc; n&agrave;ng n&agrave;y c&oacute; n&eacute;t lai rất r&otilde; r&agrave;ng. Vừa c&oacute; vẻ đẹp thuần &Aacute; Đ&ocirc;ng, lại vừa c&oacute; ch&uacute;t g&igrave; đ&oacute; của phương T&acirc;y.</p>\r\n\r\n<p><strong><em>Theo bạn th&igrave; vị tướng n&agrave;o xứng đ&aacute;ng nằm ở vị tr&iacute; đầu bảng nhất, c&oacute; lẽ bạn sẽ lại th&iacute;ch cả Sona chăng?</em></strong></p>\r\n', '2019-03-22', '2019-04-05', '1553243956news_05.jpg', 1, 33, 1, 0, 107),
(12, 'Tôi ngủ không yên kể từ sau trận thua Man Utd', 'Kylian Mbappe một lần nữa lên tiếng về \'cơn ác mộng\' Manchester United.', '<p>PSG được đ&aacute;nh gi&aacute; cao hơn rất nhiều so với Man United trước khi bước v&agrave;o trận đấu lượt về v&ograve;ng 16 đội UEFA Champions League diễn ra tr&ecirc;n s&acirc;n nh&agrave; C&ocirc;ng vi&ecirc;n c&aacute;c Ho&agrave;ng tử. Với vốn liếng 2 b&agrave;n thắng lượt đi, ph&iacute;a PSG kh&aacute; tự tin.</p>\r\n\r\n<p>Tuy nhi&ecirc;n, mọi thứ nhanh ch&oacute;ng sụp đổ đối với PSG bởi Man United thi đấu cực kỳ quyết t&acirc;m. Theo đ&oacute;,&nbsp;<a href=\"http://www.bongda.com.vn/da-voi-man-utd-1000-lan-psg-se-thang-999-d488854.html\" target=\"_blank\">Quỷ đỏ đ&atilde; gi&agrave;nh chiến thắng 3-1</a>&nbsp;để gi&agrave;nh v&eacute; v&agrave;o v&ograve;ng tứ kết. Chung cuộc, 2 đội ho&agrave; 3-3 nhưng Man United đi tiếp nhờ luật b&agrave;n thắng s&acirc;n kh&aacute;ch.</p>\r\n\r\n<p><img alt=\"Mbappe  \" src=\"http://media.bongda.com.vn/files/hai.phan/2019/03/20/800x450-1529.jpg\" style=\"height:auto !important; margin:0px !important; width:800px\" /></p>\r\n\r\n<h2>&nbsp;Mbappe chưa thể nuốt tr&ocirc;i thất bại trước Quỷ đỏ.</h2>\r\n\r\n<p>Trận thua n&agrave;y khiến Mbappe tỏ ra kh&aacute; thất vọng. Sau khi l&ecirc;n tuyển hội qu&acirc;n, Mbappe một lần nữa n&oacute;i về thất bại n&agrave;y. Cụ thể, Mbappe chia sẻ:<em>&quot;Mục ti&ecirc;u của ch&uacute;ng t&ocirc;i l&agrave; v&ocirc; địch Champions League. Ch&uacute;ng t&ocirc;i đ&atilde; nỗ lực để hướng tới ng&agrave;y n&acirc;ng c&uacute;p v&ocirc; địch. CĐV cũng đ&atilde; rất kỳ vọng.</em></p>\r\n\r\n<div style=\"background:0px 0px; border:0px; padding:0px\">\r\n<div style=\"background:0px 0px; border:0px; padding:0px\">&nbsp;</div>\r\n</div>\r\n\r\n<p><em><strong>Kể từ sau thất bại đ&oacute;,&nbsp;t&ocirc;i ngủ kh&ocirc;ng ngon.</strong>&nbsp;Đ&oacute; l&agrave; cảm gi&aacute;c kh&oacute; vượt qua. Mọi thứ trở n&ecirc;n rất phức tạp sau trận đấu n&agrave;y. Rất nhiều người nghi ngờ ch&uacute;ng t&ocirc;i. Tuy nhi&ecirc;n, t&ocirc;i vẫn tin tưởng v&agrave;o hướng ph&aacute;t triển của đội b&oacute;ng.</em></p>\r\n\r\n<p><em>Nhưng, b&oacute;ng đ&aacute; l&agrave; vậy.&nbsp;Ch&uacute;ng t&ocirc;i phải cố gắng vượt qua v&agrave; kết th&uacute;c m&ugrave;a giải n&agrave;y.&quot;</em></p>\r\n', '2019-03-22', '2019-04-04', '1553244753news_09.jpg', 1, 39, 1, 0, 3),
(13, 'Tiết lộ: Balotelli mặc áo in hình sao Man Utd ra sân thi đấu', 'Không may cho \"Super Mario\" khi kế hoạch châm chọc của anh lần này đã đổ vỡ.', '<p>Trong khu&ocirc;n khổ V&ograve;ng 29 Ligue 1, Marseille h&agrave;nh qu&acirc;n đến Parc des Princes chạm tr&aacute;n&nbsp;<a href=\"http://www.bongda.com.vn/paris+saint+germain-search/\" target=\"_blank\">Paris Saint-Germain</a>. Trước sức mạnh của nh&agrave; đương kim v&ocirc; địch, thầy tr&ograve; Rudi Garcia đ&atilde; kh&ocirc;ng thể tạo ra bất ngờ.&nbsp;</p>\r\n\r\n<p>Chung cuộc Marseille trắng tay ra về với thất bại 1-3, sau b&agrave;n mở tỷ số của Kylian Mbappe v&agrave; c&uacute; đ&uacute;p của Angel Di Maria. Chỉ ghi được 1 b&agrave;n do c&ocirc;ng&nbsp;Valere Germain, đội b&oacute;ng th&agrave;nh phố cảng c&ograve;n hứng chịu tổn thất nh&acirc;n sự khi&nbsp;Steve Mandanda d&iacute;nh thẻ đỏ bị đuổi khỏi s&acirc;n ở ph&uacute;t 62.</p>\r\n\r\n<p>Ở m&agrave;n đọ sức vừa qua,&nbsp;<a href=\"http://www.bongda.com.vn/dt-italia-loai-balotelli-thay-the-bang-sieu-sao-tuoi-36-d489879.html\" target=\"_blank\">Mario Balotelli được Garcia bố tr&iacute; ra s&acirc;n ngay từ đầu</a>. &quot;Si&ecirc;u quậy người &Yacute;&quot; kh&ocirc;ng tạo ra nhiều dấu ấn v&agrave; phải nhường chỗ cho&nbsp;Yohann Pele ở ph&uacute;t 65.&nbsp;</p>\r\n\r\n<p><img alt=\"Balotelli tính ăn mừng áo có hình Rashford - Bóng Đá\" src=\"http://media.bongda.com.vn/files/nam.tan/2019/03/18/8bdd2ee311e841f982a9242bcf8c38a2500x5002x-1029.jpg\" style=\"height:auto !important; margin:0px !important; width:1000px\" /></p>\r\n\r\n<h2>&nbsp;Kế hoạch của Balotelli ph&aacute; sản.</h2>\r\n\r\n<p>Đ&aacute;ng ch&uacute; &yacute; khi theo tiết lộ của Canal+, s&aacute;ng nay&nbsp;<strong>Balotelli đ&atilde; mặc sẵn &aacute;o trong c&oacute; in h&igrave;nh tiền đạo Manchester United, Marcus Rashford.</strong>&nbsp;Để tr&ecirc;u chọc đội chủ nh&agrave;, ch&acirc;n s&uacute;t 28 tuổi dự kiến sẽ v&eacute;n &aacute;o đấu ăn mừng khi ghi b&agrave;n, tuy nhi&ecirc;n sau c&ugrave;ng kh&ocirc;ng c&oacute; cơ hội.</p>\r\n\r\n<div style=\"background:0px 0px; border:0px; padding:0px\">&nbsp;</div>\r\n\r\n<p>C&aacute;ch đ&acirc;y 2 tuần, PSG đ&atilde; bị loại đau đớn tại Champions League d&ugrave; thắng 2-0 ở Old Trafford. Ch&iacute;nh&nbsp;<a href=\"http://www.bongda.com.vn/marcus+rashford-search/\" target=\"_blank\">Rashford</a>&nbsp;l&agrave; người ghi b&agrave;n quyết định mang về chiến thắng 3-1 cho Quỷ Đỏ tại Paris.</p>\r\n\r\n<p>&nbsp;</p>\r\n', '2019-03-22', '2019-04-04', '1553244885news_10.png', 1, 39, 1, 0, 10),
(17, 'Series “đi cảnh” cổ điển trên game thùng tái xuất với những hình ảnh mới nhất', 'Streets of Rage là thương hiệu game hành động chiến đấu theo lối cuộn cảnh khá nổi do hãng SEGA khai sinh ra vào những năm 90.', '<p>Streets of Rage 4, phi&ecirc;n bản mới nhất của series h&agrave;nh động theo phong c&aacute;ch cuộn cảnh cổ điển, đ&atilde; được c&ocirc;ng bố v&agrave;o th&aacute;ng 8 năm ngo&aacute;i v&agrave; để lại ấn tượng ban đầu rất tốt. Tr&ograve; chơi l&agrave; sự kết hợp giữa thiết kế h&igrave;nh ảnh đậm chất &ldquo;punk rock cuối thập ni&ecirc;n 80&rdquo; v&agrave; lối chơi chiến đấu quen thuộc của thập ni&ecirc;n 90, nơi bạn sẽ điều khiển c&aacute;c nh&acirc;n vật ch&iacute;nh di chuyển từ b&ecirc;n tr&aacute;i sang phải m&agrave;n h&igrave;nh, chạm tr&aacute;n với kẻ th&ugrave; lần lượt xuất hiện.</p>\r\n\r\n<p><a href=\"http://cdn2.game4v.com/2019/03/streets-of-rage-4.png\"><img alt=\"Series \" src=\"http://cdn2.game4v.com/2019/03/streets-of-rage-4-480x270.png\" /></a></p>\r\n\r\n<p>Mới đ&acirc;y, nh&agrave; sản xuất đ&atilde; tung ra đoạn trailer mới, m&ocirc; tả cận cảnh những pha combat v&agrave; phong c&aacute;ch nghệ thuật m&agrave; Streets of Rage 4 sẽ mang lại. Nếu bạn đ&atilde; từng c&oacute; thời l&agrave;m &ldquo;kh&aacute;ch quen&rdquo; ở c&aacute;c h&agrave;ng game v&agrave; say sưa với những tr&ograve; chơi tr&ecirc;n m&aacute;y arcade, đoạn clip n&agrave;y c&oacute; thể sẽ gợi nhớ nhớ về kỷ niệm ấy.</p>\r\n\r\n<p>Trong trailer c&oacute; giới thiệu hai gương mặt ch&iacute;nh quen thuộc Axel v&agrave; Blaze, c&ugrave;ng với một số nh&acirc;n vật phản diện lấy cảm hứng từ c&aacute;c phi&ecirc;n bản trước. Tất cả đều mang một hương vị nhất định của thập ni&ecirc;n 90, từ kiểu t&oacute;c neon, quần jean rộng th&ugrave;ng th&igrave;nh, khăn qu&agrave;ng cổ ướt đẫm mồ h&ocirc;i&hellip;. Kết clip c&ograve;n gợi &yacute; sẽ c&oacute; sự xuất hiện của 2 chiến binh mới c&oacute; thể chơi được.</p>\r\n\r\n<p><a href=\"http://cdn2.game4v.com/2019/03/sdfsffgeret.jpg\"><img alt=\"Series \" src=\"http://cdn2.game4v.com/2019/03/sdfsffgeret-480x270.jpg\" /></a></p>\r\n\r\n<p>Streets of Rage 4 hiện đang được ph&aacute;t triển bởi Lizardcube v&agrave; Guard Crush Games, xuất bản bởi Dotemu hợp t&aacute;c c&ugrave;ng với Sega. Tuy nhi&ecirc;n, c&aacute;c nh&agrave; sản xuất vẫn chưa ấn định ng&agrave;y ph&aacute;t h&agrave;nh, cũng như kh&ocirc;ng c&oacute; bất kỳ th&ocirc;ng tin n&agrave;o về nền tảng n&oacute; sẽ cập bến.</p>\r\n', '2019-03-28', '2019-04-04', '1553767333sf4.png', 1, 33, 1, 0, 44),
(18, 'Hướng dẫn đăng ký sớm Disorder – siêu phẩm bắn súng sắp ra mắt đến từ NetEase', 'Ở thời điểm hiện tại, NetEase đã chính thức mở cửa đăng ký sớm tựa game bắn súng Disorder trên cả 2 hệ điều hành Android và iOS.', '<p>V&agrave;o sự kiện thường ni&ecirc;n&nbsp;Game Developers Conference (GDC) 2019 vừa kh&eacute;p lại tại&nbsp;San Francisco, Hoa Kỳ, Nh&agrave; ph&aacute;t h&agrave;nh danh tiếng NetEase của Trung Quốc đ&atilde; mang tới một sản phẩm mới c&oacute; t&ecirc;n gọi l&agrave;&nbsp;Disorder. Được biết đ&acirc;y l&agrave; một tựa game bắn s&uacute;ng lấy bối cảnh ở tương lai nơi đang diễn ra những cuộc chiến chống lại vũ kh&iacute; hạt nh&acirc;n.</p>\r\n\r\n<p>Điểm đặc biệt của tựa game Mobile n&agrave;y l&agrave; việc mỗi nh&acirc;n vật trong game đều sở hữu vũ kh&iacute; v&agrave; kỹ năng ri&ecirc;ng biệt kết hợp với nhau để tạo th&agrave;nh một đội h&igrave;nh 5 người tranh t&agrave;i c&ugrave;ng những người chơi kh&aacute;c. Đ&acirc;y cũng l&agrave; tựa game được NetEase đầu tư kỹ lưỡng về mặt đồ họa để đem tới trải nghiệm tốt nhất cho người chơi. Mặc d&ugrave; vậy, ở thời điểm hiện tại đ&atilde; v&agrave; đang c&oacute; những &yacute; kiến cho rằng NetEase &lsquo;vay mượn&rsquo; &yacute; tưởng từ Apex Legends &ndash; tựa game sinh tồn đang &lsquo;l&agrave;m mưa l&agrave;m gi&oacute;&rsquo; tr&ecirc;n to&agrave;n thế giới</p>\r\n\r\n<p><em><strong>Bước 1:&nbsp;<a href=\"http://www.playdisorder.com/en/\" target=\"_blank\">Truy cập địa chỉ</a></strong></em></p>\r\n\r\n<p><a href=\"http://cdn2.game4v.com/2019/03/11-3.png\"><img alt=\"hgnbhnb Hướng dẫn đăng ký sớm Disorder - siêu phẩm bắn súng sắp ra mắt đến từ NetEase 1\" src=\"http://cdn2.game4v.com/2019/03/11-3.png\" style=\"height:auto; margin:0.4em auto 1.25em; width:1003px\" /></a></p>\r\n\r\n<p>Bấm REGISTER NOW để bắt đầu tiến h&agrave;nh đăng k&yacute; sớm. Bạn cũng c&oacute; thể xem Trailer kh&aacute; hấp dẫn của tựa game ở ph&iacute;a tr&ecirc;n</p>\r\n\r\n<p><em><strong>Bước 2:</strong></em>&nbsp;Lựa chọn HĐH Android hoặc iOS t&ugrave;y theo thiết bị m&agrave; bạn đang sử dụng</p>\r\n\r\n<p><a href=\"http://cdn2.game4v.com/2019/03/13-3.png\"><img alt=\"hgnbhnb Hướng dẫn đăng ký sớm Disorder - siêu phẩm bắn súng sắp ra mắt đến từ NetEase 2\" src=\"http://cdn2.game4v.com/2019/03/13-3.png\" style=\"height:auto; margin:0.4em auto 1.25em; width:557px\" /></a></p>\r\n\r\n<p>Điền Email của bạn rồi bấm v&agrave;o n&uacute;t Submit để ho&agrave;n th&agrave;nh việc đăng k&yacute; nh&eacute;</p>\r\n\r\n<p>&nbsp;</p>\r\n\r\n<p>Dự kiến tựa game bắn s&uacute;ng n&agrave;y sẽ sớm được NetEase ph&aacute;t h&agrave;nh trong thời gian sắp tới. Những th&ocirc;ng tin tiếp theo của Disorder sẽ được Game4V cập nhật li&ecirc;n tục.</p>\r\n\r\n<p><em><strong>Trang chủ:&nbsp;<a href=\"http://www.playdisorder.com/en/\" target=\"_blank\">http://www.playdisorder.com/en/</a></strong></em></p>\r\n\r\n<p>&nbsp;</p>\r\n', '2019-03-30', '2019-04-04', '1553767546netease.png', 1, 33, 6, 0, 2),
(19, 'Detroit Become Human công bố cấu hình cho PC: Đề nghị 12GB RAM và GTX 1080', 'Hãng Quantic Dream đã tiết lộ các thông số cấu hình PC chính thức cho Detroit: Become Human trên trang cửa hàng Epic Store.', '<p>Sau gần 1 năm độc quyền cho PS4 v&agrave; gặt h&aacute;i th&agrave;nh c&ocirc;ng đ&aacute;ng nể,&nbsp;Detroit: Become Human đ&atilde; tiến c&ocirc;ng sang PC với sự trợ gi&uacute;p của Epic. Nhưng để c&oacute; thể thưởng thức những gi&acirc;y ph&uacute;t hồi hộp đầy kịch t&iacute;nh m&agrave; tr&ograve; chơi n&agrave;y mang lại, bạn cần phải đ&aacute;p ứng c&aacute;c th&ocirc;ng số cấu h&igrave;nh m&agrave; nh&agrave; sản xuất vừa c&ocirc;ng bố.</p>\r\n\r\n<p><a href=\"http://cdn2.game4v.com/2019/03/Diesel_product_columbine_home_001_DETROIT_GALLERYIMAGE-2580x1450-8cdb17c5bad865bbf0cce7883ecfa4fc02d869d0.jpg\"><img alt=\"Hãng Quantic Dream đã tiết lộ các thông số cấu hình PC chính thức cho Detroit: Become Human trên trang cửa hàng Epic Store.\" src=\"http://cdn2.game4v.com/2019/03/Diesel_product_columbine_home_001_DETROIT_GALLERYIMAGE-2580x1450-8cdb17c5bad865bbf0cce7883ecfa4fc02d869d0-480x270.jpg\" style=\"height:auto; margin:0.4em auto 1.25em; width:480px\" /></a></p>\r\n\r\n<p>Theo đ&oacute;, game thủ sẽ cần &iacute;t nhất bộ vi xử l&yacute; i5-2400, RAM 4GB v&agrave; NVIDIA GTX660 để c&oacute; thể trải nghiệm tr&ograve; chơi. Nhưng nếu muốn tận hưởng hết vẻ đẹp đồ họa m&agrave; tựa game phi&ecirc;u lưu n&agrave;y mang lại, ta cần c&oacute; chip Intel I7-2700K với 12GB RAM v&agrave; card đồ họa nVidia GTX 1080 trở l&ecirc;n.</p>\r\n\r\n<p><a href=\"http://cdn2.game4v.com/2019/03/Diesel_product_columbine_home_004_DETROIT_CARROUSSELASSET-2580x1451-45de61f584c9fe1c73f4337d62c56ce6e8b4093e.jpg\"><img alt=\"Hãng Quantic Dream đã tiết lộ các thông số cấu hình PC chính thức cho Detroit: Become Human trên trang cửa hàng Epic Store.\" src=\"http://cdn2.game4v.com/2019/03/Diesel_product_columbine_home_004_DETROIT_CARROUSSELASSET-2580x1451-45de61f584c9fe1c73f4337d62c56ce6e8b4093e-480x270.jpg\" style=\"height:auto; margin:0.4em auto 1.25em; width:480px\" /></a></p>\r\n\r\n<p>Ngo&agrave;i ra, c&ocirc;ng ty cũng x&aacute;c nhận tr&ograve; chơi sẽ sử dụng giao diện lập tr&igrave;nh ứng dụng (API) Vulkan, thay v&igrave;&nbsp;Direct3D.</p>\r\n\r\n<p><a href=\"http://cdn2.game4v.com/2019/03/Diesel_product_columbine_home_003_DETROIT_CARROUSSELASSET-2580x1451-cced4af6e0792700c2ee6130027642b84a8e299d.jpg\"><img alt=\"Hãng Quantic Dream đã tiết lộ các thông số cấu hình PC chính thức cho Detroit: Become Human trên trang cửa hàng Epic Store.\" src=\"http://cdn2.game4v.com/2019/03/Diesel_product_columbine_home_003_DETROIT_CARROUSSELASSET-2580x1451-cced4af6e0792700c2ee6130027642b84a8e299d-480x270.jpg\" style=\"height:auto; margin:0.4em auto 1.25em; width:480px\" /></a></p>\r\n\r\n<p>Trong Detroit: Become Human, game thủ sẽ v&agrave;o vai 3 người m&aacute;y android kh&aacute;c nhau v&agrave; chứng kiến một thế giới b&ecirc;n bờ vực hỗn loạn qua đ&ocirc;i mắt của họ. Những lựa chọn m&agrave; bạn đưa ra sẽ ảnh hưởng đ&aacute;ng kể l&ecirc;n mạch truyện ch&iacute;nh, khi mỗi nh&acirc;n vật phải đối mặt với c&aacute;c t&igrave;nh huống kh&oacute; xử về đạo đức v&agrave; quyết định ai sống hay chết.</p>\r\n\r\n<p><a href=\"http://cdn2.game4v.com/2019/03/Diesel_product_columbine_home_005_DETROIT_GALLERYIMAGE-2580x1450-19ccef7ed550a7ed5f5439657d6af0379341be7f.jpg\"><img alt=\"Hãng Quantic Dream đã tiết lộ các thông số cấu hình PC chính thức cho Detroit: Become Human trên trang cửa hàng Epic Store.\" src=\"http://cdn2.game4v.com/2019/03/Diesel_product_columbine_home_005_DETROIT_GALLERYIMAGE-2580x1450-19ccef7ed550a7ed5f5439657d6af0379341be7f-480x270.jpg\" style=\"height:auto; margin:0.4em auto 1.25em; width:480px\" /></a></p>\r\n\r\n<p>Sau khi ph&aacute;t h&agrave;nh, tr&ograve; chơi nhận phản hồi t&iacute;ch cực từ c&aacute;c nh&agrave; ph&ecirc; b&igrave;nh, khen ngợi bối cảnh, h&igrave;nh ảnh, những khoảnh khắc nhỏ đ&aacute;ng nhớ trong c&acirc;u chuyện, nh&acirc;n vật ch&iacute;nh c&ugrave;ng d&agrave;n diễn vi&ecirc;n lồng tiếng, t&aacute;c động của những lựa chọn đến cốt truyện,&hellip;Tr&ograve; chơi cũng l&agrave; sản phẩm ra mắt th&agrave;nh c&ocirc;ng nhất của Quantic Dream, với doanh số hơn 2 triệu.</p>\r\n\r\n<p><a href=\"http://cdn2.game4v.com/2019/03/Diesel_product_columbine_home_007_DETROIT_GALLERYIMAGE-2580x1450-15796da2c66d333c391e75a841df8a306e87b110.jpg\"><img alt=\"Hãng Quantic Dream đã tiết lộ các thông số cấu hình PC chính thức cho Detroit: Become Human trên trang cửa hàng Epic Store.\" src=\"http://cdn2.game4v.com/2019/03/Diesel_product_columbine_home_007_DETROIT_GALLERYIMAGE-2580x1450-15796da2c66d333c391e75a841df8a306e87b110-480x270.jpg\" style=\"height:auto; margin:0.4em auto 1.25em; width:480px\" /></a></p>\r\n\r\n<p>Cấu h&igrave;nh tối thiểu:</p>\r\n\r\n<blockquote>\r\n<p>HĐH: Windows 7-64 bit</p>\r\n\r\n<p>Bộ xử l&yacute;: i5-2400 @ 3,4GHz hoặc tương đương</p>\r\n\r\n<p>Bộ nhớ: RAM 4GB</p>\r\n\r\n<p>Card đồ họa: nVidia GTX 660 hoặc tương đương&nbsp; với VRAM 2GB</p>\r\n\r\n<p>API đồ họa: Vulkan</p>\r\n</blockquote>\r\n\r\n<p>Cấu h&igrave;nh đề nghị:</p>\r\n\r\n<blockquote>\r\n<p>Hệ điều h&agrave;nh: Windows 10-64 bit</p>\r\n\r\n<p>Bộ xử l&yacute;: I7-2700K hoặc tương đương</p>\r\n\r\n<p>Bộ nhớ: RAM 12GB</p>\r\n\r\n<p>Card đồ họa: nVidia GTX 1080 hoặc tương đương với VRAM 8GB</p>\r\n</blockquote>\r\n\r\n<p>Hiện tại, thời điểm ph&aacute;t h&agrave;nh ch&iacute;nh thức vẫn chưa được ấn định. Ch&uacute;ng t&ocirc;i sẽ cập nhật th&ecirc;m khi c&oacute; th&ocirc;ng tin mới.</p>\r\n', '2019-03-29', '2019-04-04', '1553817664detroit-kara.jpg', 1, 33, 1, 0, 0);
INSERT INTO `news` (`id`, `title`, `describe`, `content`, `date`, `day_update`, `thumbnail`, `status`, `id_type`, `id_user`, `trending`, `view`) VALUES
(20, 'Đây là 5 nhân vật nữ Final Fantasy được game thủ Nhật ưa thích nhất, và thật bất ngờ với vị trí số 1', 'Xem ra game thủ Nhật rất ưa thích Final Fantasy XIII vì có tới 3 nhân vật trong phiên bản này nằm trong top 5.', '<p>Nhắc đến d&ograve;ng game nhập vai&nbsp;<a href=\"http://gamek.vn/final-fantasy.htm\" target=\"_blank\">Final Fantasy</a>, nhiều người chắc hẳn sẽ nghĩ ngay tới d&agrave;n &quot;trai xinh g&aacute;i đẹp&quot; kh&ocirc;ng t&igrave; vết, đặc biệt l&agrave; lớp nh&acirc;n vật nữ. Mỗi người đều c&oacute; sở th&iacute;ch ri&ecirc;ng của m&igrave;nh, c&ograve;n theo một cuộc khảo s&aacute;t mới được thực hiện bởi trang Nico Nico tr&ecirc;n 200 đối tượng bao gồm cả nam v&agrave; nữ tại Nhật Bản mới đ&acirc;y, xếp ở vị tr&iacute; thứ nhất l&agrave; một c&aacute;i t&ecirc;n rất bất ngờ v&igrave; đ&oacute; kh&ocirc;ng phải những gương mặt phổ biến tr&ecirc;n mặt b&aacute;o như Aerith, Tifa hay Yuna.</p>\r\n\r\n<p>Nhưng trước khi c&oacute; c&acirc;u trả lời th&igrave; trước ti&ecirc;n mời c&aacute;c bạn h&atilde;y xem qua top 5 nh&acirc;n vật nữ được b&igrave;nh chọn nhiều nhất trước đ&atilde;.</p>\r\n\r\n<p><strong>5. Oerba Dia Vanille (Final Fantasy XIII) - 3% số phiếu</strong></p>\r\n\r\n<p><a href=\"https://genknews.genkcdn.vn/2017/oerba-dia-vanille-final-fantasy-xiii-1485425193831.jpg\" target=\"_blank\"><img alt=\"Đây là 5 nhân vật nữ Final Fantasy được game thủ Nhật ưa thích nhất, và thật bất ngờ với vị trí số 1\" src=\"https://genknews.genkcdn.vn/thumb_w/640/2017/oerba-dia-vanille-final-fantasy-xiii-1485425193831.jpg\" style=\"margin:0px\" /></a></p>\r\n\r\n<p>Vanille trong Final Fantasy XIII mang t&iacute;nh c&aacute;ch hồn nhi&ecirc;n như một đứa trẻ v&agrave; g&oacute;p mặt trong một phi&ecirc;n bản Final Fantasy th&igrave; tất nhi&ecirc;n c&ocirc; n&agrave;ng cũng phải rất xinh đẹp rồi. Mang trong m&igrave;nh g&aacute;nh nặng về những điều kh&ocirc;ng hay đ&atilde; l&agrave;m trong qu&aacute; khứ, Vanille thường xuy&ecirc;n tỏ th&aacute;i độ lạc quan vui vẻ để động vi&ecirc;n những người bạn của m&igrave;nh - một kiểu c&aacute; t&iacute;nh thường thấy ở c&aacute;c nh&acirc;n vật nữ phụ trong truyện tranh Nhật Bản.</p>\r\n\r\n<p><strong>4. Serah Farron (Final Fantasy XIII, XIII-2) - 4% số phiếu</strong></p>\r\n\r\n<p><a href=\"https://genknews.genkcdn.vn/2017/final-fantasy-xiii-13-serah-1485425237498.jpg\" target=\"_blank\"><img alt=\"Đây là 5 nhân vật nữ Final Fantasy được game thủ Nhật ưa thích nhất, và thật bất ngờ với vị trí số 1\" src=\"https://genknews.genkcdn.vn/thumb_w/640/2017/final-fantasy-xiii-13-serah-1485425237498.jpg\" style=\"margin:0px\" /></a></p>\r\n\r\n<p>Tiếp tục l&agrave; một nh&acirc;n vật nữ nữa đến từ series Final Fantasy XIII. Ngược lại với ngoại h&igrave;nh c&oacute; vẻ &quot;b&aacute;nh b&egrave;o&quot; của m&igrave;nh, Serah b&ecirc;n trong l&agrave; một nữ nh&acirc;n vật cứng rắn v&agrave; lu&ocirc;n đặt lợi &iacute;ch của người kh&aacute;c l&ecirc;n tr&ecirc;n bản th&acirc;n m&igrave;nh, đặc biệt l&agrave; đối với người chị g&aacute;i Lightning. Điều n&agrave;y thể hiện r&otilde; nhất ở phi&ecirc;n bản XIII-2 khi Serah lu&ocirc;n vững t&acirc;m với quyết định cứu tương lai của thế giới mặc d&ugrave; điều đ&oacute; sẽ khiến sự tồn tại của c&ocirc; bị đe dọa.</p>\r\n\r\n<p><strong>3. Tifa Lockhart (Final Fantasy VII) - 4.5% số phiếu</strong></p>\r\n\r\n<p>Tifa Lockhart l&agrave; người bạn thời thơ ấu của nh&acirc;n vật ch&iacute;nh Cloud Strife trong Final Fantasy VII. Xuy&ecirc;n suốt h&agrave;nh tr&igrave;nh game, Tifa lu&ocirc;n l&agrave; chỗ dựa vững chắc cho những đồng đội của m&igrave;nh với t&iacute;nh c&aacute;ch cứng cỏi của con nh&agrave; v&otilde;, đồng thời đ&oacute;ng vai tr&ograve; quan trọng gi&uacute;p Cloud c&oacute; thể t&igrave;m lại được ch&iacute;nh m&igrave;nh khi đang ch&igrave;m trong nỗi &aacute;m ảnh về qu&aacute; khứ. Đ&aacute;ng tiếc giống như bao nh&acirc;n vật thuộc tu&yacute;p &quot;bạn g&aacute;i thời thơ ấu&quot; trong truyện tranh Nhật kh&aacute;c, c&ocirc; chưa l&uacute;c n&agrave;o trở th&agrave;nh lựa chọn số 1 về mặt t&igrave;nh cảm trong mắt người m&igrave;nh y&ecirc;u.</p>\r\n\r\n<p><a href=\"https://genknews.genkcdn.vn/2017/41-1485424888155.jpg\" target=\"_blank\"><img alt=\"Đây là 5 nhân vật nữ Final Fantasy được game thủ Nhật ưa thích nhất, và thật bất ngờ với vị trí số 1\" src=\"https://genknews.genkcdn.vn/thumb_w/640/2017/41-1485424888155.jpg\" style=\"margin:0px\" /></a></p>\r\n\r\n<p>B&ecirc;n cạnh đ&oacute; th&igrave; từ năm 1997 đến nay, Tifa c&oacute; vẻ như vẫn chưa hề c&oacute; đối thủ về số đo v&ograve;ng 1. Yếu tố n&agrave;y vừa khiến cho Tifa được nhiều nam game thủ ưa th&iacute;ch, vừa biến c&ocirc; n&agrave;ng trở th&agrave;nh mục ti&ecirc;u cho những h&igrave;nh ảnh, video fan made c&oacute; nội dung... thiếu l&agrave;nh mạnh.</p>\r\n\r\n<p><strong>2. Yuna (Final Fantasy X, X-2) - 6.5% số phiếu</strong></p>\r\n\r\n<p><a href=\"https://genknews.genkcdn.vn/2017/large-1485424917079.jpg\" target=\"_blank\"><img alt=\"Đây là 5 nhân vật nữ Final Fantasy được game thủ Nhật ưa thích nhất, và thật bất ngờ với vị trí số 1\" src=\"https://genknews.genkcdn.vn/thumb_w/640/2017/large-1485424917079.jpg\" style=\"margin:0px\" /></a></p>\r\n\r\n<p>Đ&acirc;y xem ra l&agrave; gương mặt m&agrave; nhiều người lầm tưởng sẽ xếp ở vị tr&iacute; thứ 1 nhất khi nhắc đến những nh&acirc;n vật nữ ấn tượng của d&ograve;ng game nhập vai Final Fantasy. Với diện mạo xinh đẹp (tất nhi&ecirc;n rồi), trang phục đơn giản to&aacute;t l&ecirc;n vẻ qu&yacute; ph&aacute;i, t&iacute;nh c&aacute;ch &ocirc;n h&ograve;a nhưng kh&ocirc;ng k&eacute;m phần mạnh mẽ, n&agrave;ng triệu hồi sư của Final Fantasy X đ&atilde; đốn tim kh&ocirc;ng biết bao nhi&ecirc;u game thủ khi xuất hiện lần đầu ti&ecirc;n v&agrave;o năm 2001. Đ&aacute;ng tiếc n&agrave;ng Yuna xinh đẹp vẫn chỉ đứng ở vị tr&iacute; số 2 v&agrave; phải chịu thua người dẫn đầu l&agrave;...</p>\r\n\r\n<p><strong>1. Lightning (Final Fantasy XIII) - 8.5% số phiếu</strong></p>\r\n\r\n<p>Đ&uacute;ng vậy, một kết quả rất bất ngờ khi nh&acirc;n vật ch&iacute;nh của Final Fantasy XIII - Lightning lại dẫn đầu số phiếu b&igrave;nh chọn bởi trong tựa game nhập vai n&agrave;y, c&ocirc; được khắc họa mang một t&iacute;nh c&aacute;ch kh&ocirc; khan lạnh l&ugrave;ng, thường xuy&ecirc;n d&ugrave;ng... nắm đấm để n&oacute;i chuyện hơn l&agrave; lời lẽ. Cũng chẳng tr&aacute;ch được bởi Lightning c&oacute; xuất th&acirc;n từ qu&acirc;n đội v&agrave; sinh ra trong thời chiến tranh loạn lạc.</p>\r\n\r\n<p><a href=\"https://genknews.genkcdn.vn/2017/1688536-lightning-03-1485424953859.jpg\" target=\"_blank\"><img alt=\"Đây là 5 nhân vật nữ Final Fantasy được game thủ Nhật ưa thích nhất, và thật bất ngờ với vị trí số 1\" src=\"https://genknews.genkcdn.vn/thumb_w/640/2017/1688536-lightning-03-1485424953859.jpg\" style=\"margin:0px\" /></a></p>\r\n\r\n<p>Đối với đại đa số game thủ th&igrave; kiểu t&iacute;nh t&igrave;nh &quot;cool ngầu&quot; như vậy c&oacute; vẻ hơi lỗi thời, tuy nhi&ecirc;n ở Nhật Bản nơi m&agrave; văn h&oacute;a manga/anime mang tầm ảnh hưởng lớn th&igrave; r&otilde; r&agrave;ng Lightning đ&atilde; rơi v&agrave;o tu&yacute;p nh&acirc;n vật lạnh l&ugrave;ng được nhiều người ưa th&iacute;ch c&ograve;n hơn cả nh&acirc;n vật ch&iacute;nh, v&iacute; dụ như Sesshomaru trong truyện tranh Inuyasha chẳng hạn.</p>\r\n', '2019-03-29', '2019-04-04', '1553818869Lightning-Farron.jpg', 1, 33, 6, 0, 0);

-- --------------------------------------------------------

--
-- Table structure for table `permission`
--

CREATE TABLE `permission` (
  `id` int(11) NOT NULL,
  `name` varchar(100) COLLATE utf8_unicode_ci NOT NULL,
  `news` varchar(100) COLLATE utf8_unicode_ci NOT NULL,
  `users` varchar(100) COLLATE utf8_unicode_ci NOT NULL,
  `category` varchar(100) COLLATE utf8_unicode_ci NOT NULL,
  `permission` varchar(100) COLLATE utf8_unicode_ci NOT NULL,
  `comments` varchar(100) COLLATE utf8_unicode_ci NOT NULL
) ENGINE=InnoDB DEFAULT CHARSET=utf8 COLLATE=utf8_unicode_ci;

--
-- Dumping data for table `permission`
--

INSERT INTO `permission` (`id`, `name`, `news`, `users`, `category`, `permission`, `comments`) VALUES
(1, 'Master', '0', '0', '0', '0', '0'),
(2, 'Mod', '1,2,3,4', '1', '1,3', '1', '1,2'),
(3, 'User', '', '', '', '', '2'),
(4, 'New1', '1,2', '2,3', '2,3', '3,4', '1,2,3'),
(5, 'New2', '2', '3', '2', '1', '2'),
(6, 'Chỉ được xem users ', '', '1', '', '', '');

-- --------------------------------------------------------

--
-- Table structure for table `users`
--

CREATE TABLE `users` (
  `id` int(11) NOT NULL,
  `name` varchar(100) COLLATE utf8_unicode_ci NOT NULL,
  `email` varchar(1000) COLLATE utf8_unicode_ci NOT NULL,
  `address` varchar(10000) COLLATE utf8_unicode_ci NOT NULL,
  `introduce` varchar(1000) COLLATE utf8_unicode_ci DEFAULT NULL,
  `password` varchar(100) COLLATE utf8_unicode_ci NOT NULL,
  `avatar` varchar(1000) COLLATE utf8_unicode_ci NOT NULL,
  `id_per` int(11) NOT NULL,
  `id_google` int(100) NOT NULL
) ENGINE=InnoDB DEFAULT CHARSET=utf8 COLLATE=utf8_unicode_ci;

--
-- Dumping data for table `users`
--

INSERT INTO `users` (`id`, `name`, `email`, `address`, `introduce`, `password`, `avatar`, `id_per`, `id_google`) VALUES
(1, 'Hana', 'hana@gmail.com', 'HN', 'Ujang maman is a superhero name in Indonesia, especially in my family. He is not a fictional character but an original hero in my family, a hero for his children and for his wife. So, I use the name as a user in this template. Not a tribute, I\'m just bored with \'John Doe\'.', '2', '1554422100avatar.jpg', 1, 0),
(6, 'Yuna', 'yuna@gmail.com', 'HN', 'Ujang maman is a superhero name in Indonesia, especially in my family. He is not a fictional character but an original hero in my family, a hero for his children and for his wife. So, I use the name as a user in this template. Not a tribute, I\'m just bored with \'John Doe\'.', '1', '1553670162gb_01.jpg', 2, 0),
(8, 'Luna', 'luna@gmail.com', 'HCM', 'Ujang maman is a superhero name in Indonesia, especially in my family. He is not a fictional character but an original hero in my family, a hero for his children and for his wife. So, I use the name as a user in this template. Not a tribute, I\'m just bored with \'John Doe\'.', '1', '1554039551gb_16.jpg', 2, 0),
(9, 'Lena', 'lena@gmail.com', 'DN', 'Ujang maman is a superhero name in Indonesia, especially in my family. He is not a fictional character but an original hero in my family, a hero for his children and for his wife. So, I use the name as a user in this template. Not a tribute, I\'m just bored with \'John Doe\'.', '1', '1554043681gb_04.jpg', 3, 0),
(10, 'Mina', 'mina@gmail.com', 'HP', 'Ujang maman is a superhero name in Indonesia, especially in my family. He is not a fictional character but an original hero in my family, a hero for his children and for his wife. So, I use the name as a user in this template. Not a tribute, I\'m just bored with \'John Doe\'.', '1', '1554039817gb_18.jpg', 3, 0),
(11, 'Lý Gia Cách', 'lgc@gmail.com', 'HN', 'Ujang maman is a superhero name in Indonesia, especially in my family. He is not a fictional character but an original hero in my family, a hero for his children and for his wife. So, I use the name as a user in this template. Not a tribute, I\'m just bored with \'John Doe\'.', '1', '1554039916gb_19.jpg', 3, 0),
(12, 'Cát Khác Tuyển Dật ', 'cktd@gmail.com', 'HCM', 'Ujang maman is a superhero name in Indonesia, especially in my family. He is not a fictional character but an original hero in my family, a hero for his children and for his wife. So, I use the name as a user in this template. Not a tribute, I\'m just bored with \'John Doe\'.', '1', '1554040029gb_02.jpg', 3, 0),
(14, 'Hana', 'phieuphieu11@gmail.com', '', '', '', 'https://lh4.googleusercontent.com/-kw7BGzW48ks/AAAAAAAAAAI/AAAAAAAAAzE/ChAjkcIjIWA/photo.jpg', 3, 2147483647),
(15, 'Hana Music', 'hanayouone@gmail.com', '', '', '', 'https://lh5.googleusercontent.com/-jsT8ATlBfKA/AAAAAAAAAAI/AAAAAAAAAAc/gtXw_HJ6KOM/photo.jpg', 3, 2147483647),
(16, 'Duc Duong', 'ducduonghan@gmail.com', 'HN', 'aaaaaaaaaaaaaaaaaaaaaaaaaaaaaaaaaaaaaaaaaaaaaaaaaaaaaaaaaaaaaaaaaaaaaaaaaaaaaaaaaaaaaaaaaaaaaaaaaaaaaaaaaaaaaaaaaaaaaaaaaaaaaaaaaaaaaaaaaaaaaaaaaaaaaaaaaaaaaaaaaaaaaaaaaaaaaaaaaaaaaaaaaaaaaaaaaaaaaaaaaaaaaaaaaaaaaaaaaaaaaaaaaaaaaaaaaaaaaaaaaaaaaaaaaaaaaaaaaaaaa', '', '1554420461gb_19.jpg', 2, 2147483647),
(17, 'New', 'new@gmail.com', 'HN', 'Ujang maman is a superhero name in Indonesia, especially in my family. He is not a fictional character but an original hero in my family, a hero for his children and for his wife. So, I use the name as a user in this template. Not a tribute, I\'m just bored with \'John Doe\'', '1', '1554419426ashe-2.jpg', 3, 0),
(18, 'Dương Minh Đức', 'duc@gmail.com', 'Hà Nội', 'Hello everyone! Today I will introduce myself. My name is Ha. I was born and grow up in Hai Phong. I’m 18 years old. There are four members in my family: my father, my mother, my younger brother and me. My father is a driver taxi. He is 42 years old. He has to leave home very early and comes home very late. He works hard to earn for a living. My mother is a farmer. She is 39 years old. Everyday, she works on farm. She plants many kinds of food such as rice and lots of vegetables. She also raises animals such as chickens, pigs, ducks,… She’s very hard-working. Both my father and mother work hard to earn money in order to bring us up. I love my parents very much. My younger brother, Tuan, is a student. ', '1', '1554435326avatar1.png', 3, 0),
(19, 'Phạm Văn Tuấn ', 'tuan@gmail.com', 'Lưu Kiếm, Thủy Nguyên, Hải Phòng', NULL, '1', '1554436849avatar2.png', 2, 0);

--
-- Indexes for dumped tables
--

--
-- Indexes for table `back_up`
--
ALTER TABLE `back_up`
  ADD PRIMARY KEY (`id`);

--
-- Indexes for table `category`
--
ALTER TABLE `category`
  ADD PRIMARY KEY (`id`),
  ADD KEY `category_ibfk_1` (`id_parent`);

--
-- Indexes for table `comment`
--
ALTER TABLE `comment`
  ADD PRIMARY KEY (`id`),
  ADD KEY `comment_ibfk_1` (`id_user`),
  ADD KEY `id_new` (`id_new`);

--
-- Indexes for table `news`
--
ALTER TABLE `news`
  ADD PRIMARY KEY (`id`),
  ADD KEY `id_type` (`id_type`),
  ADD KEY `id_user` (`id_user`);

--
-- Indexes for table `permission`
--
ALTER TABLE `permission`
  ADD PRIMARY KEY (`id`);

--
-- Indexes for table `users`
--
ALTER TABLE `users`
  ADD PRIMARY KEY (`id`),
  ADD KEY `id_per` (`id_per`);

--
-- AUTO_INCREMENT for dumped tables
--

--
-- AUTO_INCREMENT for table `back_up`
--
ALTER TABLE `back_up`
  MODIFY `id` int(11) NOT NULL AUTO_INCREMENT, AUTO_INCREMENT=3;
--
-- AUTO_INCREMENT for table `category`
--
ALTER TABLE `category`
  MODIFY `id` int(11) NOT NULL AUTO_INCREMENT, AUTO_INCREMENT=43;
--
-- AUTO_INCREMENT for table `comment`
--
ALTER TABLE `comment`
  MODIFY `id` int(11) NOT NULL AUTO_INCREMENT, AUTO_INCREMENT=25;
--
-- AUTO_INCREMENT for table `news`
--
ALTER TABLE `news`
  MODIFY `id` int(11) NOT NULL AUTO_INCREMENT, AUTO_INCREMENT=21;
--
-- AUTO_INCREMENT for table `permission`
--
ALTER TABLE `permission`
  MODIFY `id` int(11) NOT NULL AUTO_INCREMENT, AUTO_INCREMENT=7;
--
-- AUTO_INCREMENT for table `users`
--
ALTER TABLE `users`
  MODIFY `id` int(11) NOT NULL AUTO_INCREMENT, AUTO_INCREMENT=20;
--
-- Constraints for dumped tables
--

--
-- Constraints for table `category`
--
ALTER TABLE `category`
  ADD CONSTRAINT `category_ibfk_1` FOREIGN KEY (`id_parent`) REFERENCES `category` (`id`) ON DELETE CASCADE ON UPDATE CASCADE;

--
-- Constraints for table `comment`
--
ALTER TABLE `comment`
  ADD CONSTRAINT `comment_ibfk_1` FOREIGN KEY (`id_user`) REFERENCES `users` (`id`) ON DELETE CASCADE ON UPDATE CASCADE,
  ADD CONSTRAINT `comment_ibfk_2` FOREIGN KEY (`id_new`) REFERENCES `news` (`id`);

--
-- Constraints for table `news`
--
ALTER TABLE `news`
  ADD CONSTRAINT `news_ibfk_1` FOREIGN KEY (`id_type`) REFERENCES `category` (`id`) ON DELETE CASCADE ON UPDATE CASCADE,
  ADD CONSTRAINT `news_ibfk_2` FOREIGN KEY (`id_user`) REFERENCES `users` (`id`);

--
-- Constraints for table `users`
--
ALTER TABLE `users`
  ADD CONSTRAINT `users_ibfk_1` FOREIGN KEY (`id_per`) REFERENCES `permission` (`id`);

/*!40101 SET CHARACTER_SET_CLIENT=@OLD_CHARACTER_SET_CLIENT */;
/*!40101 SET CHARACTER_SET_RESULTS=@OLD_CHARACTER_SET_RESULTS */;
/*!40101 SET COLLATION_CONNECTION=@OLD_COLLATION_CONNECTION */;
